,train_loss,valid_loss,train_accuracy,valid_accuracy
0,1.319759214401245,179.56099587899666,0.38694347173586796,0.5320886814469078
